{"rmse": 843.6938614281872, "mean": 756.5158451556599, "median": 873.9454882687004, "std": 373.5011483784525, "min": 204.90387087215439, "max": 1744.100226279963, "sse": 1538241576.0448787}