{"rmse": 1799.9233429635667, "mean": 1785.1672260594798, "median": 1760.957203594231, "std": 230.00438158487853, "min": 1378.2342672701077, "max": 2177.524276914764, "sse": 7001043651.618051}