{"rmse": 1826.3315367639555, "mean": 1824.2577263119772, "median": 1824.9305324145737, "std": 87.00936828668124, "min": 1640.2911909536779, "max": 1991.4521711266086, "sse": 7207987152.387937}